{"cameraMode":{"drawMode":0,"name":"Shaded","section":"Shading Mode"},"sceneLighting":true,"audioPlay":false,"sceneViewState":{"showFog":true,"showMaterialUpdate":false,"showSkybox":true,"showFlares":true,"showImageEffects":true,"showParticleSystems":true},"in2DMode":false,"pivot":{"x":-0.9885320663452148,"y":1.69305419921875,"z":-0.07400846481323242},"rotation":{"x":-0.07935400307178498,"y":0.8917722702026367,"z":-0.17225445806980134,"w":-0.41082099080085757},"size":5.6779327392578129,"orthographic":false}