{"cameraMode":{"drawMode":0,"name":"Shaded","section":"Shading Mode"},"sceneLighting":true,"audioPlay":false,"sceneViewState":{"showFog":true,"showMaterialUpdate":false,"showSkybox":true,"showFlares":true,"showImageEffects":true,"showParticleSystems":true},"in2DMode":false,"pivot":{"x":-10.52956771850586,"y":0.44155406951904299,"z":3.404853343963623},"rotation":{"x":-0.14038559794425965,"y":0.5688457489013672,"z":-0.0992923304438591,"w":-0.8042687773704529},"size":11.664159774780274,"orthographic":false}