{"cameraMode":{"drawMode":0,"name":"Shaded","section":"Shading Mode"},"sceneLighting":true,"audioPlay":false,"sceneViewState":{"showFog":true,"showMaterialUpdate":false,"showSkybox":true,"showFlares":true,"showImageEffects":true,"showParticleSystems":true},"in2DMode":false,"pivot":{"x":-10.230438232421875,"y":-4.054693698883057,"z":23.016212463378908},"rotation":{"x":-0.09763089567422867,"y":-0.021796071901917459,"z":0.002137501258403063,"w":-0.9949895143508911},"size":12.312335014343262,"orthographic":false}